INSERT INTO `riaw`.`t_human` (`id`, `ctime`, `mtime`, `enabled`, `first_name`, `last_name`, `sex`, `birthday`) VALUES
	(1, '2014-06-23 22:42:05', '2014-06-23 22:42:12', '1', 'Shawn', 'Zhou', '1', NULL),
	(2, '2014-06-23 22:42:33', '2014-06-23 22:42:36', '1', '国', '刘', '1', NULL),
	(3, '2014-06-23 22:43:04', '2014-06-23 22:43:04', '1', '海水', '章', '1', NULL),
	(4, '2014-06-23 22:43:28', '2014-06-23 22:43:28', '1', '灰谷', '陈', '1', NULL),
	(5, '2014-06-23 22:43:56', '2014-06-23 22:43:56', '1', '开传', '郭', '1', NULL),
	(6, '2014-06-23 22:44:26', '2014-06-23 22:44:26', '1', '家志', '李', '1', NULL),
	(7, '2014-06-23 22:44:33', '2014-06-23 22:44:37', '1', '忠傅', '王', '1', NULL);

INSERT INTO `riaw`.`t_user` (`id`, `ctime`, `mtime`, `enabled`, `human_id`, `user_name`, `password`) VALUES
	(1, '2014-06-15 15:41:52', '2014-06-15 15:41:52', '1', 1, 'admin', 'admin'),
	(2, '2014-06-15 15:41:52', '2014-06-15 15:41:52', '1', 2, 'guo.liu', '123456');

INSERT INTO `riaw`.`t_partner` (`id`, `ctime`, `mtime`, `human_id`, `partner_code`) VALUES
	(1, '2014-06-24 13:32:02', '2014-06-24 13:32:02', 3, 'haishui.zhang'),
	(2, '2014-06-24 13:32:06', '2014-06-24 13:32:06', 4, 'huigu.chen'),
	(3, '2014-06-24 13:32:10', '2014-06-24 13:32:10', 5, 'kaichuan.guo'),
	(4, '2014-06-24 13:32:13', '2014-06-24 13:32:13', 6, 'jiazhi.li'),
	(5, '2014-06-24 13:32:16', '2014-06-24 13:32:16', 7, 'zhongfu.wang');

INSERT INTO `riaw`.`t_menu` (`id`, `ctime`, `mtime`, `mid`, `text`, `p_mid`, `url`, `leaf`) VALUES
	(1, '2014-06-15 15:41:21', '2014-06-15 15:41:21', 'M01', '设置', 'ROOT', NULL, '0'),
	(2, '2014-06-15 15:41:21', '2014-06-23 22:48:18', 'M0101', '客户档案', 'M01', '/resources/customer/management/index.htm', '1'),
	(3, '2014-06-15 15:41:21', '2014-06-23 22:48:21', 'M0102', '产品档案', 'M01', '/product/management/view.htm', '1'),
	(4, '2014-06-19 09:31:15', '2014-06-23 22:48:23', 'M0103', '客户定价', 'M01', '/resources/customer/productPricingDifferentiation/index.htm', '1'),
	(5, '2014-06-15 15:41:21', '2014-06-23 22:48:41', 'M02', '业务', 'ROOT', NULL, '0'),
	(6, '2014-06-15 15:41:21', '2014-06-23 22:48:44', 'M0201', '销售管理', 'M02', NULL, '0'),
	(7, '2014-06-15 15:41:21', '2014-06-23 22:48:46', 'M020101', '发货', 'M0201', NULL, '0'),
	(8, '2014-06-15 15:41:21', '2014-06-23 22:48:48', 'M02010101', '发货单', 'M020101', '/sales/deliverynote/view.htm', '1'),
	(9, '2014-06-15 15:41:21', '2014-06-23 22:48:48', 'M0202', '成本管理', 'M02', NULL, '0'),
	(10, '2014-06-15 15:41:21', '2014-06-23 22:48:48', 'M020201', '分摊计费', 'M0202', NULL, '0'),
	(11, '2014-06-15 15:41:21', '2014-06-23 22:48:48', 'M02020101', '本期账单', 'M020201', '/cost/allocation/currentBill/index.htm', '1'),
	(12, '2014-06-15 15:41:21', '2014-06-23 22:48:48', 'M02020102', '历史账单', 'M020201', '/cost/allocation/historicalBill/index.htm', '1');

INSERT INTO `riaw`.`t_user_menu` (`id`, `ctime`, `mtime`, `user_id`, `menu_id`) VALUES
	(1, '2014-06-15 15:43:24', '2014-06-15 15:43:24', 1, 1),
	(2, '2014-06-15 15:43:24', '2014-06-15 15:43:24', 1, 2),
	(3, '2014-06-15 15:43:24', '2014-06-15 15:43:24', 1, 3),
	(4, '2014-06-15 15:43:24', '2014-06-15 15:43:24', 1, 4),
	(5, '2014-06-15 15:43:24', '2014-06-15 15:43:24', 1, 5),
	(6, '2014-06-15 15:43:24', '2014-06-15 15:43:24', 1, 6),
	(7, '2014-06-15 15:43:24', '2014-06-15 15:43:24', 1, 7),
	(8, '2014-06-15 15:43:24', '2014-06-15 15:43:24', 1, 8),
	(9, '2014-06-15 15:43:24', '2014-06-15 15:43:24', 1, 9),
	(10, '2014-06-15 15:43:24', '2014-06-15 15:43:24', 1, 10),
	(11, '2014-06-15 15:43:24', '2014-06-15 15:43:24', 1, 11),
	(12, '2014-06-15 15:43:24', '2014-06-15 15:43:24', 1, 12),
	(13, '2014-06-15 15:43:24', '2014-06-15 15:43:24', 2, 1),
	(14, '2014-06-15 15:43:24', '2014-06-15 15:43:24', 2, 2),
	(15, '2014-06-15 15:43:24', '2014-06-15 15:43:24', 2, 3),
	(16, '2014-06-15 15:43:24', '2014-06-15 15:43:24', 2, 4),
	(17, '2014-06-15 15:43:24', '2014-06-15 15:43:24', 2, 5),
	(18, '2014-06-15 15:43:24', '2014-06-15 15:43:24', 2, 6),
	(19, '2014-06-15 15:43:24', '2014-06-15 15:43:24', 2, 7),
	(20, '2014-06-15 15:43:24', '2014-06-15 15:43:24', 2, 8),
	(21, '2014-06-15 15:43:24', '2014-06-15 15:43:24', 2, 9),
	(22, '2014-06-15 15:43:24', '2014-06-15 15:43:24', 2, 10),
	(23, '2014-06-15 15:43:24', '2014-06-15 15:43:24', 2, 11),
	(24, '2014-06-15 15:43:24', '2014-06-15 15:43:24', 2, 12);

INSERT INTO `riaw`.`t_cost_allocation_record` (`id`, `ctime`, `mtime`, `period`, `partner_id`, `cost_allocation_subject_id`, `data`, `charge`) VALUES
	(1, '2014-06-26 00:25:10', '2014-06-26 00:25:10', '201405', 1, 1, 0.00, 0.00),
	(2, '2014-06-26 00:25:10', '2014-06-26 00:25:10', '201405', 1, 2, 0.00, 0.00),
	(3, '2014-06-26 00:25:10', '2014-06-26 00:25:10', '201405', 1, 3, 0.00, 0.00),
	(4, '2014-06-26 00:25:10', '2014-06-26 00:25:10', '201405', 1, 4, 0.00, 0.00),
	(5, '2014-06-26 00:25:10', '2014-06-26 00:25:10', '201405', 1, 5, 0.00, 0.00),
	(6, '2014-06-26 00:25:10', '2014-06-26 00:25:10', '201405', 1, 6, 0.00, 0.00),

	(7, '2014-06-26 00:25:10', '2014-06-26 00:25:10', '201405', 2, 1, 0.00, 0.00),
	(8, '2014-06-26 00:25:10', '2014-06-26 00:25:10', '201405', 2, 2, 0.00, 0.00),
	(9, '2014-06-26 00:25:10', '2014-06-26 00:25:10', '201405', 2, 3, 0.00, 0.00),
	(10, '2014-06-26 00:25:10', '2014-06-26 00:25:10', '201405', 2, 4, 0.00, 0.00),
	(11, '2014-06-26 00:25:10', '2014-06-26 00:25:10', '201405', 2, 5, 0.00, 0.00),
	(12, '2014-06-26 00:25:10', '2014-06-26 00:25:10', '201405', 2, 6, 0.00, 0.00),

	(13, '2014-06-26 00:25:10', '2014-06-26 00:25:10', '201405', 3, 1, 0.00, 0.00),
	(14, '2014-06-26 00:25:10', '2014-06-26 00:25:10', '201405', 3, 2, 0.00, 0.00),
	(15, '2014-06-26 00:25:10', '2014-06-26 00:25:10', '201405', 3, 3, 0.00, 0.00),
	(16, '2014-06-26 00:25:10', '2014-06-26 00:25:10', '201405', 3, 4, 0.00, 0.00),
	(17, '2014-06-26 00:25:10', '2014-06-26 00:25:10', '201405', 3, 5, 0.00, 0.00),
	(18, '2014-06-26 00:25:10', '2014-06-26 00:25:10', '201405', 3, 6, 0.00, 0.00),

	(19, '2014-06-26 00:25:10', '2014-06-26 00:25:10', '201405', 4, 1, 0.00, 0.00),
	(20, '2014-06-26 00:25:10', '2014-06-26 00:25:10', '201405', 4, 2, 0.00, 0.00),
	(21, '2014-06-26 00:25:10', '2014-06-26 00:25:10', '201405', 4, 3, 0.00, 0.00),
	(22, '2014-06-26 00:25:10', '2014-06-26 00:25:10', '201405', 4, 4, 0.00, 0.00),
	(23, '2014-06-26 00:25:10', '2014-06-26 00:25:10', '201405', 4, 5, 0.00, 0.00),
	(24, '2014-06-26 00:25:10', '2014-06-26 00:25:10', '201405', 4, 6, 0.00, 0.00),

	(25, '2014-06-26 00:25:10', '2014-06-26 00:25:10', '201405', 5, 1, 0.00, 0.00),
	(26, '2014-06-26 00:25:10', '2014-06-26 00:25:10', '201405', 5, 2, 0.00, 0.00),
	(27, '2014-06-26 00:25:10', '2014-06-26 00:25:10', '201405', 5, 3, 0.00, 0.00),
	(28, '2014-06-26 00:25:10', '2014-06-26 00:25:10', '201405', 5, 4, 0.00, 0.00),
	(29, '2014-06-26 00:25:10', '2014-06-26 00:25:10', '201405', 5, 5, 0.00, 0.00),
	(30, '2014-06-26 00:25:10', '2014-06-26 00:25:10', '201405', 5, 6, 0.00, 0.00);

INSERT INTO `riaw`.`t_cost_allocation_subject` (`id`, `ctime`, `mtime`, `subject_name`, `subject_code`,  `formula`, `charging_type`) VALUES
	(1, '2014-06-23 22:28:22', '2014-06-23 22:28:22', '水费', 'S01',  'f(x)=x*data', '0'),
	(2, '2014-06-23 22:32:26', '2014-06-23 22:32:26', '公用排风扇用电', 'S02',  'f(x)=x*data', '0'),
	(3, '2014-06-23 22:32:58', '2014-06-23 22:32:58', '其他用电', 'S03',  'f(x)=x*data', '0'),
	(4, '2014-06-23 22:34:31', '2014-06-23 22:34:31', '蒸汽卫生费', 'S04',  'f(x)=x*data', '1'),
	(5, '2014-06-23 22:34:57', '2014-06-23 22:34:57', '生活费', 'S05',  'f(x)=data', '1'),
	(6, '2014-06-23 22:34:57', '2014-06-23 22:34:57', '杂费', 'S06',  'f(x)=data', '1');

INSERT INTO `riaw`.`t_cost_allocation_formula_var` (`id`, `ctime`, `mtime`, `subject_id`, `variable_name`,  `variable_value`, `variable_unit`) VALUES
	(1, '2014-06-23 22:28:22', '2014-06-23 22:28:22', 1, 'x',  '5', '元/吨'),
	(2, '2014-06-23 22:32:26', '2014-06-23 22:32:26', 2, 'x',  '1.1', '元/度'),
	(3, '2014-06-23 22:32:58', '2014-06-23 22:32:58', 3, 'x',  '1.1', '元/度'),
	(4, '2014-06-23 22:34:31', '2014-06-23 22:34:31', 4, 'x',  '0.32', '元/公斤');

INSERT INTO `riaw`.`t_measurement_unit` (`id`, `ctime`, `mtime`, `unit_name`) VALUES
	(1, '2014-07-05 23:51:06', '2014-07-05 23:51:06', '公斤'),
	(2, '2014-07-05 23:51:25', '2014-07-05 23:51:25', '市斤'),
	(3, '2014-07-05 23:51:36', '2014-07-05 23:51:36', '箱'),
	(4, '2014-07-05 23:51:36', '2014-07-05 23:51:36', '盒');

INSERT INTO `riaw`.`t_cost_allocation_partner` (`id`, `ctime` , `mtime` , `subject_id` , `partner_id`) VALUES
	(1, '2014-06-26 00:25:10', '2014-06-26 00:25:10', 1, 1),
	(2, '2014-06-26 00:25:10', '2014-06-26 00:25:10', 1, 2),
	(3, '2014-06-26 00:25:10', '2014-06-26 00:25:10', 1, 3),
	(4, '2014-06-26 00:25:10', '2014-06-26 00:25:10', 1, 4),
	(5, '2014-06-26 00:25:10', '2014-06-26 00:25:10', 1, 5),
	(6, '2014-06-26 00:25:10', '2014-06-26 00:25:10', 1, 6),

	(7, '2014-06-26 00:25:10', '2014-06-26 00:25:10', 2, 1),
	(8, '2014-06-26 00:25:10', '2014-06-26 00:25:10', 2, 2),
	(9, '2014-06-26 00:25:10', '2014-06-26 00:25:10', 2, 3),
	(10, '2014-06-26 00:25:10', '2014-06-26 00:25:10', 2, 4),
	(11, '2014-06-26 00:25:10', '2014-06-26 00:25:10', 2, 5),
	(12, '2014-06-26 00:25:10', '2014-06-26 00:25:10', 2, 6),

	(13, '2014-06-26 00:25:10', '2014-06-26 00:25:10', 3, 1),
	(14, '2014-06-26 00:25:10', '2014-06-26 00:25:10', 3, 2),
	(15, '2014-06-26 00:25:10', '2014-06-26 00:25:10', 3, 3),
	(16, '2014-06-26 00:25:10', '2014-06-26 00:25:10', 3, 4),
	(17, '2014-06-26 00:25:10', '2014-06-26 00:25:10', 3, 5),
	(18, '2014-06-26 00:25:10', '2014-06-26 00:25:10', 3, 6),

	(19, '2014-06-26 00:25:10', '2014-06-26 00:25:10', 4, 1),
	(20, '2014-06-26 00:25:10', '2014-06-26 00:25:10', 4, 2),
	(21, '2014-06-26 00:25:10', '2014-06-26 00:25:10', 4, 3),
	(22, '2014-06-26 00:25:10', '2014-06-26 00:25:10', 4, 4),
	(23, '2014-06-26 00:25:10', '2014-06-26 00:25:10', 4, 5),
	(24, '2014-06-26 00:25:10', '2014-06-26 00:25:10', 4, 6),

	(25, '2014-06-26 00:25:10', '2014-06-26 00:25:10', 5, 1),
	(26, '2014-06-26 00:25:10', '2014-06-26 00:25:10', 5, 2),
	(27, '2014-06-26 00:25:10', '2014-06-26 00:25:10', 5, 3),
	(28, '2014-06-26 00:25:10', '2014-06-26 00:25:10', 5, 4),
	(29, '2014-06-26 00:25:10', '2014-06-26 00:25:10', 5, 5),
	(30, '2014-06-26 00:25:10', '2014-06-26 00:25:10', 5, 6);